image_id,fname,5K
1,1.jpg,0
2,2.jpg,0
3,3.jpg,0
4,4.jpg,1
5,5.jpg,0
6,6.jpg,1
7,7.jpg,1
8,8.jpg,0
9,9.jpg,1
10,10.jpg,0
11,11.jpg,0
12,12.jpg,0
13,13.jpg,1
14,14.jpg,0
15,15.jpg,1
16,16.jpg,0
17,17.jpg,0
18,18.jpg,0
19,19.jpg,0
20,20.jpg,0
21,21.jpg,1
22,22.jpg,1
23,23.jpg,0
24,24.jpg,0
25,25.jpg,0
26,26.jpg,0
27,27.jpg,0
28,28.jpg,0
29,29.jpg,0
30,30.jpg,0
31,31.jpg,0
32,32.jpg,1
33,33.jpg,0
34,34.jpg,0
35,35.jpg,1
36,36.jpg,0
37,37.jpg,1
38,38.jpg,0
39,39.jpg,0
40,40.jpg,0
41,41.jpg,0
42,42.jpg,1
43,43.jpg,0
44,44.jpg,0
45,45.jpg,0
46,46.jpg,1
47,47.jpg,0
48,48.jpg,0
49,49.jpg,0
50,50.jpg,0
51,51.jpg,0
52,52.jpg,0
53,53.jpg,1
54,54.jpg,0
55,55.jpg,0
56,56.jpg,0
57,57.jpg,0
58,58.jpg,1
59,59.jpg,0
60,60.jpg,0
61,61.jpg,0
62,62.jpg,0
63,63.jpg,0
64,64.jpg,0
65,65.jpg,0
66,66.jpg,0
67,67.jpg,0
68,68.jpg,0
69,69.jpg,0
70,70.jpg,1
71,71.jpg,0
72,72.jpg,1
73,73.jpg,0
74,74.jpg,0
75,75.jpg,0
76,76.jpg,0
77,77.jpg,0
78,78.jpg,0
79,79.jpg,1
80,80.jpg,1
81,81.jpg,0
82,82.jpg,0
83,83.jpg,0
84,84.jpg,0
85,85.jpg,0
86,86.jpg,0
87,87.jpg,1
88,88.jpg,1
89,89.jpg,0
90,90.jpg,1
91,91.jpg,0
92,92.jpg,1
93,93.jpg,1
94,94.jpg,0
95,95.jpg,0
96,96.jpg,0
97,97.jpg,1
98,98.jpg,0
99,99.jpg,0
100,100.jpg,0
101,101.jpg,0
102,102.jpg,0
103,103.jpg,0
104,104.jpg,1
105,105.jpg,0
106,106.jpg,0
107,107.jpg,0
108,108.jpg,1
109,109.jpg,0
110,110.jpg,1
111,111.jpg,0
112,112.jpg,1
113,113.jpg,0
114,114.jpg,0
115,115.jpg,0
116,116.jpg,0
117,117.jpg,0
118,118.jpg,0
119,119.jpg,1
120,120.jpg,1
121,121.jpg,0
122,122.jpg,0
123,123.jpg,0
124,124.jpg,0
125,125.jpg,0
126,126.jpg,0
127,127.jpg,1
128,128.jpg,0
129,129.jpg,1
130,130.jpg,1
131,131.jpg,0
132,132.jpg,0
133,133.jpg,0
134,134.jpg,0
135,135.jpg,0
136,136.jpg,1
137,137.jpg,0
138,138.jpg,0
139,139.jpg,0
140,140.jpg,0
141,141.jpg,0
142,142.jpg,0
143,143.jpg,0
144,144.jpg,0
145,145.jpg,1
146,146.jpg,1
147,147.jpg,1
148,148.jpg,0
149,149.jpg,0
150,150.jpg,0
151,151.jpg,1
152,152.jpg,0
153,153.jpg,0
154,154.jpg,0
155,155.jpg,0
156,156.jpg,0
157,157.jpg,0
158,158.jpg,1
159,159.jpg,0
160,160.jpg,0
161,161.jpg,0
162,162.jpg,0
163,163.jpg,1
164,164.jpg,0
165,165.jpg,1
166,166.jpg,0
167,167.jpg,0
168,168.jpg,0
169,169.jpg,0
170,170.jpg,0
171,171.jpg,0
172,172.jpg,0
173,173.jpg,1
174,174.jpg,0
175,175.jpg,0
176,176.jpg,0
177,177.jpg,0
178,178.jpg,1
179,179.jpg,0
180,180.jpg,0
181,181.jpg,0
182,182.jpg,0
183,183.jpg,0
184,184.jpg,0
185,185.jpg,1
186,186.jpg,0
187,187.jpg,0
188,188.jpg,0
189,189.jpg,0
190,190.jpg,0
191,191.jpg,0
192,192.jpg,0
193,193.jpg,0
194,194.jpg,0
195,195.jpg,0
196,196.jpg,0
197,197.jpg,1
198,198.jpg,0
199,199.jpg,0
200,200.jpg,1
201,201.jpg,0
202,202.jpg,0
203,203.jpg,1
204,204.jpg,0
205,205.jpg,0
206,206.jpg,0
207,207.jpg,0
208,208.jpg,1
209,209.jpg,0
210,210.jpg,0
211,211.jpg,0
212,212.jpg,0
213,213.jpg,0
214,214.jpg,0
215,215.jpg,0
216,216.jpg,0
217,217.jpg,0
218,218.jpg,0
219,219.jpg,0
220,220.jpg,1
221,221.jpg,0
222,222.jpg,0
223,223.jpg,0
224,224.jpg,0
225,225.jpg,0
226,226.jpg,0
227,227.jpg,0
228,228.jpg,0
229,229.jpg,0
230,230.jpg,0
231,231.jpg,1
232,232.jpg,0
233,233.jpg,0
234,234.jpg,0
235,235.jpg,0
236,236.jpg,0
237,237.jpg,0
238,238.jpg,0
239,239.jpg,0
240,240.jpg,0
241,241.jpg,0
242,242.jpg,1
243,243.jpg,0
244,244.jpg,0
245,245.jpg,0
246,246.jpg,1
247,247.jpg,0
248,248.jpg,1
249,249.jpg,0
250,250.jpg,0
251,251.jpg,0
252,252.jpg,0
253,253.jpg,0
254,254.jpg,0
255,255.jpg,0
256,256.jpg,0
257,257.jpg,1
258,258.jpg,0
259,259.jpg,1
260,260.jpg,0
261,261.jpg,0
262,262.jpg,0
263,263.jpg,0
264,264.jpg,0
265,265.jpg,0
266,266.jpg,0
267,267.jpg,0
268,268.jpg,1
269,269.jpg,0
270,270.jpg,0
271,271.jpg,1
272,272.jpg,0
273,273.jpg,0
274,274.jpg,0
275,275.jpg,0
276,276.jpg,0
277,277.jpg,1
278,278.jpg,1
279,279.jpg,0
280,280.jpg,1
281,281.jpg,0
282,282.jpg,0
283,283.jpg,0
284,284.jpg,0
285,285.jpg,0
286,286.jpg,1
287,287.jpg,0
288,288.jpg,0
289,289.jpg,0
290,290.jpg,0
291,291.jpg,0
292,292.jpg,0
293,293.jpg,1
294,294.jpg,0
295,295.jpg,0
296,296.jpg,0
297,297.jpg,0
298,298.jpg,0
299,299.jpg,0
300,300.jpg,0
301,301.jpg,0
302,302.jpg,0
303,303.jpg,0
304,304.jpg,0
305,305.jpg,0
306,306.jpg,0
307,307.jpg,0
308,308.jpg,0
309,309.jpg,1
310,310.jpg,0
311,311.jpg,1
312,312.jpg,0
313,313.jpg,0
314,314.jpg,0
315,315.jpg,1
316,316.jpg,0
317,317.jpg,1
318,318.jpg,1
319,319.jpg,1
320,320.jpg,1
321,321.jpg,0
322,322.jpg,0
323,323.jpg,0
324,324.jpg,0
325,325.jpg,0
326,326.jpg,0
327,327.jpg,0
328,328.jpg,0
329,329.jpg,0
330,330.jpg,0
331,331.jpg,0
332,332.jpg,0
333,333.jpg,0
334,334.jpg,0
335,335.jpg,0
336,336.jpg,0
337,337.jpg,0
338,338.jpg,0
339,339.jpg,0
340,340.jpg,0
341,341.jpg,1
342,342.jpg,0
343,343.jpg,0
344,344.jpg,0
345,345.jpg,0
346,346.jpg,0
347,347.jpg,1
348,348.jpg,0
349,349.jpg,0
350,350.jpg,1
351,351.jpg,0
352,352.jpg,1
353,353.jpg,0
354,354.jpg,0
355,355.jpg,0
356,356.jpg,1
357,357.jpg,0
358,358.jpg,0
359,359.jpg,0
360,360.jpg,0
361,361.jpg,0
362,362.jpg,0
363,363.jpg,0
364,364.jpg,0
365,365.jpg,0
366,366.jpg,0
367,367.jpg,1
368,368.jpg,0
369,369.jpg,1
370,370.jpg,1
371,371.jpg,0
372,372.jpg,0
373,373.jpg,0
374,374.jpg,1
375,375.jpg,0
376,376.jpg,0
377,377.jpg,0
378,378.jpg,0
379,379.jpg,1
380,380.jpg,1
381,381.jpg,0
382,382.jpg,0
383,383.jpg,0
384,384.jpg,0
385,385.jpg,0
386,386.jpg,0
387,387.jpg,0
388,388.jpg,1
389,389.jpg,0
390,390.jpg,0
391,391.jpg,0
392,392.jpg,0
393,393.jpg,1
394,394.jpg,0
395,395.jpg,0
396,396.jpg,1
397,397.jpg,0
398,398.jpg,0
399,399.jpg,0
400,400.jpg,0
401,401.jpg,0
402,402.jpg,0
403,403.jpg,0
404,404.jpg,1
405,405.jpg,0
406,406.jpg,1
407,407.jpg,0
408,408.jpg,0
409,409.jpg,0
410,410.jpg,0
411,411.jpg,0
412,412.jpg,1
413,413.jpg,0
414,414.jpg,1
415,415.jpg,0
416,416.jpg,0
417,417.jpg,0
418,418.jpg,0
419,419.jpg,0
420,420.jpg,0
421,421.jpg,0
422,422.jpg,1
423,423.jpg,0
424,424.jpg,0
425,425.jpg,0
426,426.jpg,1
427,427.jpg,0
428,428.jpg,0
429,429.jpg,0
430,430.jpg,0
431,431.jpg,0
432,432.jpg,0
433,433.jpg,0
434,434.jpg,1
435,435.jpg,0
436,436.jpg,0
437,437.jpg,0
438,438.jpg,0
439,439.jpg,0
440,440.jpg,1
441,441.jpg,0
442,442.jpg,0
443,443.jpg,1
444,444.jpg,0
445,445.jpg,0
446,446.jpg,0
447,447.jpg,0
448,448.jpg,0
449,449.jpg,0
450,450.jpg,1
451,451.jpg,0
452,452.jpg,1
453,453.jpg,1
454,454.jpg,0
455,455.jpg,1
456,456.jpg,1
457,457.jpg,0
458,458.jpg,1
459,459.jpg,1
460,460.jpg,1
461,461.jpg,0
462,462.jpg,0
463,463.jpg,0
464,464.jpg,1
465,465.jpg,0
466,466.jpg,1
467,467.jpg,0
468,468.jpg,0
469,469.jpg,0
470,470.jpg,1
471,471.jpg,0
472,472.jpg,0
473,473.jpg,0
474,474.jpg,1
475,475.jpg,0
476,476.jpg,0
477,477.jpg,1
478,478.jpg,0
479,479.jpg,1
480,480.jpg,0
481,481.jpg,1
482,482.jpg,0
483,483.jpg,0
484,484.jpg,0
485,485.jpg,1
486,486.jpg,0
487,487.jpg,0
488,488.jpg,0
489,489.jpg,0
490,490.jpg,0
491,491.jpg,0
492,492.jpg,1
493,493.jpg,0
494,494.jpg,1
495,495.jpg,0
496,496.jpg,0
497,497.jpg,0
498,498.jpg,0
499,499.jpg,0
500,500.jpg,0
501,501.jpg,1
502,502.jpg,0
503,503.jpg,0
504,504.jpg,1
505,505.jpg,0
506,506.jpg,0
507,507.jpg,0
508,508.jpg,0
509,509.jpg,0
510,510.jpg,0
511,511.jpg,0
512,512.jpg,1
513,513.jpg,0
514,514.jpg,0
515,515.jpg,0
516,516.jpg,0
517,517.jpg,0
518,518.jpg,0
519,519.jpg,1
520,520.jpg,0
521,521.jpg,0
522,522.jpg,0
523,523.jpg,1
524,524.jpg,0
525,525.jpg,0
526,526.jpg,0
527,527.jpg,0
528,528.jpg,1
529,529.jpg,0
530,530.jpg,1
531,531.jpg,0
532,532.jpg,1
533,533.jpg,0
534,534.jpg,0
535,535.jpg,0
536,536.jpg,1
537,537.jpg,0
538,538.jpg,1
539,539.jpg,0
540,540.jpg,0
541,541.jpg,0
542,542.jpg,1
543,543.jpg,0
544,544.jpg,0
545,545.jpg,0
546,546.jpg,0
547,547.jpg,0
548,548.jpg,0
549,549.jpg,0
550,550.jpg,0
551,551.jpg,0
552,552.jpg,0
553,553.jpg,0
554,554.jpg,0
555,555.jpg,0
556,556.jpg,0
557,557.jpg,0
558,558.jpg,0
559,559.jpg,1
560,560.jpg,0
561,561.jpg,0
562,562.jpg,0
563,563.jpg,0
564,564.jpg,1
565,565.jpg,1
566,566.jpg,0
567,567.jpg,0
568,568.jpg,0
569,569.jpg,1
570,570.jpg,0
571,571.jpg,0
572,572.jpg,0
573,573.jpg,0
574,574.jpg,1
575,575.jpg,0
576,576.jpg,0
577,577.jpg,0
578,578.jpg,0
579,579.jpg,0
580,580.jpg,1
581,581.jpg,0
582,582.jpg,0
583,583.jpg,0
584,584.jpg,0
585,585.jpg,0
586,586.jpg,0
587,587.jpg,1
588,588.jpg,1
589,589.jpg,1
590,590.jpg,0
591,591.jpg,0
592,592.jpg,0
593,593.jpg,1
594,594.jpg,0
595,595.jpg,1
596,596.jpg,1
597,597.jpg,1
598,598.jpg,0
599,599.jpg,0
600,600.jpg,0
601,601.jpg,0
602,602.jpg,0
603,603.jpg,1
604,604.jpg,0
605,605.jpg,0
606,606.jpg,0
607,607.jpg,0
608,608.jpg,0
609,609.jpg,0
610,610.jpg,1
611,611.jpg,0
612,612.jpg,0
613,613.jpg,0
614,614.jpg,0
615,615.jpg,0
616,616.jpg,0
617,617.jpg,1
618,618.jpg,0
619,619.jpg,0
620,620.jpg,0
621,621.jpg,0
622,622.jpg,0
623,623.jpg,0
624,624.jpg,0
625,625.jpg,0
626,626.jpg,0
627,627.jpg,1
628,628.jpg,0
629,629.jpg,1
630,630.jpg,0
631,631.jpg,0
632,632.jpg,0
633,633.jpg,0
634,634.jpg,0
635,635.jpg,0
636,636.jpg,0
637,637.jpg,1
638,638.jpg,0
639,639.jpg,0
640,640.jpg,0
641,641.jpg,0
642,642.jpg,0
643,643.jpg,0
644,644.jpg,0
645,645.jpg,1
646,646.jpg,1
647,647.jpg,1
648,648.jpg,0
649,649.jpg,0
650,650.jpg,1
651,651.jpg,0
652,652.jpg,0
653,653.jpg,0
654,654.jpg,1
655,655.jpg,0
656,656.jpg,0
657,657.jpg,1
658,658.jpg,0
659,659.jpg,1
660,660.jpg,0
661,661.jpg,0
662,662.jpg,0
663,663.jpg,0
664,664.jpg,1
665,665.jpg,0
666,666.jpg,0
667,667.jpg,1
668,668.jpg,0
669,669.jpg,0
670,670.jpg,0
671,671.jpg,1
672,672.jpg,1
673,673.jpg,0
674,674.jpg,0
675,675.jpg,0
676,676.jpg,0
677,677.jpg,0
678,678.jpg,0
679,679.jpg,0
680,680.jpg,0
681,681.jpg,0
682,682.jpg,0
683,683.jpg,0
684,684.jpg,0
685,685.jpg,0
686,686.jpg,0
687,687.jpg,0
688,688.jpg,0
689,689.jpg,0
690,690.jpg,1
691,691.jpg,0
692,692.jpg,1
693,693.jpg,0
694,694.jpg,1
695,695.jpg,0
696,696.jpg,0
697,697.jpg,0
698,698.jpg,0
699,699.jpg,1
700,700.jpg,1
701,701.jpg,0
702,702.jpg,0
703,703.jpg,0
704,704.jpg,0
705,705.jpg,0
706,706.jpg,1
707,707.jpg,0
708,708.jpg,1
709,709.jpg,0
710,710.jpg,1
711,711.jpg,0
712,712.jpg,0
713,713.jpg,0
714,714.jpg,0
715,715.jpg,1
716,716.jpg,1
717,717.jpg,0
718,718.jpg,0
719,719.jpg,0
720,720.jpg,0
721,721.jpg,0
722,722.jpg,0
723,723.jpg,0
724,724.jpg,0
725,725.jpg,1
726,726.jpg,0
727,727.jpg,0
728,728.jpg,0
729,729.jpg,1
730,730.jpg,0
731,731.jpg,0
732,732.jpg,0
733,733.jpg,0
734,734.jpg,0
735,735.jpg,0
736,736.jpg,0
737,737.jpg,0
738,738.jpg,0
739,739.jpg,0
740,740.jpg,0
741,741.jpg,0
742,742.jpg,0
743,743.jpg,0
744,744.jpg,0
745,745.jpg,0
746,746.jpg,0
747,747.jpg,0
748,748.jpg,0
749,749.jpg,0
750,750.jpg,0
751,751.jpg,0
752,752.jpg,0
753,753.jpg,0
754,754.jpg,0
755,755.jpg,0
756,756.jpg,0
757,757.jpg,0
758,758.jpg,1
759,759.jpg,1
760,760.jpg,1
761,761.jpg,1
762,762.jpg,1
763,763.jpg,1
764,764.jpg,1
765,765.jpg,0
766,766.jpg,1
767,767.jpg,1
768,768.jpg,1
769,769.jpg,1
770,770.jpg,1
771,771.jpg,1
772,772.jpg,1
773,773.jpg,1
774,774.jpg,1
775,775.jpg,1
776,776.jpg,1
777,777.jpg,1
778,778.jpg,1
779,779.jpg,0
780,780.jpg,0
781,781.jpg,1
782,782.jpg,1
783,783.jpg,1
784,784.jpg,0
785,785.jpg,1
786,786.jpg,1
787,787.jpg,0
788,788.jpg,1
789,789.jpg,1
790,790.jpg,0
791,791.jpg,1
792,792.jpg,1
793,793.jpg,1
794,794.jpg,1
795,795.jpg,0
796,796.jpg,1
797,797.jpg,0
798,798.jpg,0
799,799.jpg,1
800,800.jpg,1
801,801.jpg,1
802,802.jpg,0
803,803.jpg,1
804,804.jpg,0
805,805.jpg,0
806,806.jpg,1
807,807.jpg,0
808,808.jpg,0
809,809.jpg,0
810,810.jpg,1
811,811.jpg,1
812,812.jpg,1
813,813.jpg,1
814,814.jpg,0
815,815.jpg,1
816,816.jpg,1
817,817.jpg,0
818,818.jpg,1
819,819.jpg,0
820,820.jpg,0
821,821.jpg,0
822,822.jpg,1
823,823.jpg,1
824,824.jpg,1
825,825.jpg,1
826,826.jpg,1
827,827.jpg,1
828,828.jpg,1
829,829.jpg,1
830,830.jpg,1
831,831.jpg,1
832,832.jpg,1
833,833.jpg,1
834,834.jpg,1
835,835.jpg,1
836,836.jpg,1
837,837.jpg,1
838,838.jpg,0
839,839.jpg,1
840,840.jpg,0
841,841.jpg,0
842,842.jpg,1
843,843.jpg,1
844,844.jpg,1
845,845.jpg,1
846,846.jpg,0
847,847.jpg,1
848,848.jpg,1
849,849.jpg,0
850,850.jpg,0
851,851.jpg,1
852,852.jpg,1
853,853.jpg,0
854,854.jpg,0
855,855.jpg,1
856,856.jpg,1
857,857.jpg,1
858,858.jpg,1
859,859.jpg,1
860,860.jpg,1
861,861.jpg,1
862,862.jpg,0
863,863.jpg,1
864,864.jpg,1
865,865.jpg,1
866,866.jpg,1
867,867.jpg,1
868,868.jpg,1
869,869.jpg,0
870,870.jpg,0
871,871.jpg,1
872,872.jpg,0
873,873.jpg,1
874,874.jpg,1
875,875.jpg,1
876,876.jpg,1
877,877.jpg,1
878,878.jpg,1
879,879.jpg,1
880,880.jpg,0
881,881.jpg,1
882,882.jpg,1
883,883.jpg,0
884,884.jpg,1
885,885.jpg,1
886,886.jpg,1
887,887.jpg,1
888,888.jpg,1
889,889.jpg,1
890,890.jpg,1
891,891.jpg,1
892,892.jpg,1
893,893.jpg,1
894,894.jpg,1
895,895.jpg,0
896,896.jpg,0
897,897.jpg,1
898,898.jpg,1
899,899.jpg,0
900,900.jpg,1
901,901.jpg,1
902,902.jpg,1
903,903.jpg,1
904,904.jpg,1
905,905.jpg,1
906,906.jpg,1
907,907.jpg,1
908,908.jpg,1
909,909.jpg,0
910,910.jpg,1
911,911.jpg,0
912,912.jpg,1
913,913.jpg,0
914,914.jpg,1
915,915.jpg,0
916,916.jpg,1
917,917.jpg,1
918,918.jpg,1
919,919.jpg,1
920,920.jpg,1
921,921.jpg,1
922,922.jpg,0
923,923.jpg,1
924,924.jpg,1
925,925.jpg,1
926,926.jpg,1
927,927.jpg,1
928,928.jpg,1
929,929.jpg,1
930,930.jpg,1
931,931.jpg,1
932,932.jpg,1
933,933.jpg,1
934,934.jpg,1
935,935.jpg,1
936,936.jpg,1
937,937.jpg,1
938,938.jpg,1
939,939.jpg,1
940,940.jpg,1
941,941.jpg,1
942,942.jpg,0
943,943.jpg,0
944,944.jpg,1
945,945.jpg,0
946,946.jpg,1
947,947.jpg,1
948,948.jpg,1
949,949.jpg,1
950,950.jpg,1
951,951.jpg,0
952,952.jpg,1
953,953.jpg,1
954,954.jpg,0
955,955.jpg,1
956,956.jpg,1
957,957.jpg,1
958,958.jpg,1
959,959.jpg,1
960,960.jpg,0
961,961.jpg,1
962,962.jpg,1
963,963.jpg,1
964,964.jpg,1
965,965.jpg,1
966,966.jpg,1
967,967.jpg,0
968,968.jpg,1
969,969.jpg,1
970,970.jpg,1
971,971.jpg,1
972,972.jpg,0
973,973.jpg,1
974,974.jpg,0
975,975.jpg,1
976,976.jpg,1
977,977.jpg,1
978,978.jpg,1
979,979.jpg,0
980,980.jpg,0
981,981.jpg,0
982,982.jpg,1
983,983.jpg,0
984,984.jpg,1
985,985.jpg,1
986,986.jpg,1
987,987.jpg,1
988,988.jpg,0
989,989.jpg,1
990,990.jpg,1
991,991.jpg,1
992,992.jpg,1
993,993.jpg,1
994,994.jpg,1
995,995.jpg,1
996,996.jpg,1
997,997.jpg,1
998,998.jpg,1
999,999.jpg,1
1000,1000.jpg,0
1001,1001.jpg,1
1002,1002.jpg,0
1003,1003.jpg,1
1004,1004.jpg,1
1005,1005.jpg,1
1006,1006.jpg,1
1007,1007.jpg,1
1008,1008.jpg,1
1009,1009.jpg,1
1010,1010.jpg,1
1011,1011.jpg,1
1012,1012.jpg,0
1013,1013.jpg,1
1014,1014.jpg,0
1015,1015.jpg,1
1016,1016.jpg,1
1017,1017.jpg,1
1018,1018.jpg,1
1019,1019.jpg,1
1020,1020.jpg,1
1021,1021.jpg,1
1022,1022.jpg,1
1023,1023.jpg,1
1024,1024.jpg,1
1025,1025.jpg,1
1026,1026.jpg,1
1027,1027.jpg,1
1028,1028.jpg,1
1029,1029.jpg,1
1030,1030.jpg,1
1031,1031.jpg,1
1032,1032.jpg,0
1033,1033.jpg,1
1034,1034.jpg,1
1035,1035.jpg,1
1036,1036.jpg,0
1037,1037.jpg,1
1038,1038.jpg,1
1039,1039.jpg,1
1040,1040.jpg,1
1041,1041.jpg,1
1042,1042.jpg,1
1043,1043.jpg,1
1044,1044.jpg,0
1045,1045.jpg,1
1046,1046.jpg,1
1047,1047.jpg,1
1048,1048.jpg,1
1049,1049.jpg,1
1050,1050.jpg,1
1051,1051.jpg,1
1052,1052.jpg,1
1053,1053.jpg,0
1054,1054.jpg,0
1055,1055.jpg,1
1056,1056.jpg,1
1057,1057.jpg,1
1058,1058.jpg,0
1059,1059.jpg,0
1060,1060.jpg,1
1061,1061.jpg,1
1062,1062.jpg,0
1063,1063.jpg,1
1064,1064.jpg,0
1065,1065.jpg,1
1066,1066.jpg,1
1067,1067.jpg,0
1068,1068.jpg,1
1069,1069.jpg,0
1070,1070.jpg,1
1071,1071.jpg,1
1072,1072.jpg,1
1073,1073.jpg,1
1074,1074.jpg,1
1075,1075.jpg,1
1076,1076.jpg,0
1077,1077.jpg,1
1078,1078.jpg,1
1079,1079.jpg,0
1080,1080.jpg,1
1081,1081.jpg,1
1082,1082.jpg,0
1083,1083.jpg,0
1084,1084.jpg,1
1085,1085.jpg,1
1086,1086.jpg,1
1087,1087.jpg,1
1088,1088.jpg,1
1089,1089.jpg,1
1090,1090.jpg,1
1091,1091.jpg,1
1092,1092.jpg,1
1093,1093.jpg,1
1094,1094.jpg,1
1095,1095.jpg,1
1096,1096.jpg,1
1097,1097.jpg,1
1098,1098.jpg,1
1099,1099.jpg,1
1100,1100.jpg,1
1101,1101.jpg,1
1102,1102.jpg,1
1103,1103.jpg,1
1104,1104.jpg,1
1105,1105.jpg,1
1106,1106.jpg,1
1107,1107.jpg,0
1108,1108.jpg,0
1109,1109.jpg,0
1110,1110.jpg,0
1111,1111.jpg,1
1112,1112.jpg,1
1113,1113.jpg,1
1114,1114.jpg,0
1115,1115.jpg,0
1116,1116.jpg,0
1117,1117.jpg,1
1118,1118.jpg,1
1119,1119.jpg,1
1120,1120.jpg,1
1121,1121.jpg,0
1122,1122.jpg,1
1123,1123.jpg,1
1124,1124.jpg,1
1125,1125.jpg,1
1126,1126.jpg,1
1127,1127.jpg,1
1128,1128.jpg,0
1129,1129.jpg,0
1130,1130.jpg,1
1131,1131.jpg,1
1132,1132.jpg,1
1133,1133.jpg,0
1134,1134.jpg,1
1135,1135.jpg,1
1136,1136.jpg,1
1137,1137.jpg,1
1138,1138.jpg,1
1139,1139.jpg,1
1140,1140.jpg,1
1141,1141.jpg,1
1142,1142.jpg,0
1143,1143.jpg,1
1144,1144.jpg,1
1145,1145.jpg,0
1146,1146.jpg,1
1147,1147.jpg,1
1148,1148.jpg,1
1149,1149.jpg,1
1150,1150.jpg,1
1151,1151.jpg,1
1152,1152.jpg,1
1153,1153.jpg,0
1154,1154.jpg,1
1155,1155.jpg,1
1156,1156.jpg,1
1157,1157.jpg,0
1158,1158.jpg,0
1159,1159.jpg,0
1160,1160.jpg,1
1161,1161.jpg,1
1162,1162.jpg,1
1163,1163.jpg,1
1164,1164.jpg,1
1165,1165.jpg,1
1166,1166.jpg,1
1167,1167.jpg,1
1168,1168.jpg,1
1169,1169.jpg,1
1170,1170.jpg,1
1171,1171.jpg,1
1172,1172.jpg,1
1173,1173.jpg,1
1174,1174.jpg,0
1175,1175.jpg,1
1176,1176.jpg,1
1177,1177.jpg,1
1178,1178.jpg,1
1179,1179.jpg,1
1180,1180.jpg,0
1181,1181.jpg,1
1182,1182.jpg,1
1183,1183.jpg,1
1184,1184.jpg,1
1185,1185.jpg,1
1186,1186.jpg,1
1187,1187.jpg,1
1188,1188.jpg,1
1189,1189.jpg,1
1190,1190.jpg,1
1191,1191.jpg,0
1192,1192.jpg,1
1193,1193.jpg,1
1194,1194.jpg,0
1195,1195.jpg,1
1196,1196.jpg,1
1197,1197.jpg,1
1198,1198.jpg,1
1199,1199.jpg,1
1200,1200.jpg,1
1201,1201.jpg,1
1202,1202.jpg,1
1203,1203.jpg,1
1204,1204.jpg,0
1205,1205.jpg,1
1206,1206.jpg,1
1207,1207.jpg,1
1208,1208.jpg,1
1209,1209.jpg,1
1210,1210.jpg,0
1211,1211.jpg,1
1212,1212.jpg,1
1213,1213.jpg,1
1214,1214.jpg,1
1215,1215.jpg,0
1216,1216.jpg,1
1217,1217.jpg,1
1218,1218.jpg,1
1219,1219.jpg,1
1220,1220.jpg,1
1221,1221.jpg,1
1222,1222.jpg,1
1223,1223.jpg,1
1224,1224.jpg,0
1225,1225.jpg,1
1226,1226.jpg,0
1227,1227.jpg,1
1228,1228.jpg,0
1229,1229.jpg,1
1230,1230.jpg,1
1231,1231.jpg,0
1232,1232.jpg,1
1233,1233.jpg,1
1234,1234.jpg,1
1235,1235.jpg,1
1236,1236.jpg,1
1237,1237.jpg,1
1238,1238.jpg,1
1239,1239.jpg,1
1240,1240.jpg,1
1241,1241.jpg,1
1242,1242.jpg,1
1243,1243.jpg,1
1244,1244.jpg,1
1245,1245.jpg,1
1246,1246.jpg,1
1247,1247.jpg,1
1248,1248.jpg,0
1249,1249.jpg,1
1250,1250.jpg,1
1251,1251.jpg,1
1252,1252.jpg,1
1253,1253.jpg,1
1254,1254.jpg,1
1255,1255.jpg,1
1256,1256.jpg,1
1257,1257.jpg,1
1258,1258.jpg,1
1259,1259.jpg,1
1260,1260.jpg,1
1261,1261.jpg,0
1262,1262.jpg,1
1263,1263.jpg,1
1264,1264.jpg,0
1265,1265.jpg,1
1266,1266.jpg,1
1267,1267.jpg,0
1268,1268.jpg,1
1269,1269.jpg,1
1270,1270.jpg,1
1271,1271.jpg,1
1272,1272.jpg,1
1273,1273.jpg,1
1274,1274.jpg,0
1275,1275.jpg,1
1276,1276.jpg,1
1277,1277.jpg,1
1278,1278.jpg,1
1279,1279.jpg,1
1280,1280.jpg,1
1281,1281.jpg,0
1282,1282.jpg,1
1283,1283.jpg,1
1284,1284.jpg,1
1285,1285.jpg,0
1286,1286.jpg,1
1287,1287.jpg,1
1288,1288.jpg,1
1289,1289.jpg,1
1290,1290.jpg,1
1291,1291.jpg,1
1292,1292.jpg,0
1293,1293.jpg,1
1294,1294.jpg,0
1295,1295.jpg,1
1296,1296.jpg,1
1297,1297.jpg,1
1298,1298.jpg,1
1299,1299.jpg,1
1300,1300.jpg,1
1301,1301.jpg,1
1302,1302.jpg,1
1303,1303.jpg,0
1304,1304.jpg,1
1305,1305.jpg,0
1306,1306.jpg,0
1307,1307.jpg,1
1308,1308.jpg,1
1309,1309.jpg,1
1310,1310.jpg,1
1311,1311.jpg,0
1312,1312.jpg,1
1313,1313.jpg,0
1314,1314.jpg,1
1315,1315.jpg,1
1316,1316.jpg,1
1317,1317.jpg,1
1318,1318.jpg,1
1319,1319.jpg,0
1320,1320.jpg,1
1321,1321.jpg,1
1322,1322.jpg,1
1323,1323.jpg,1
1324,1324.jpg,1
1325,1325.jpg,0
1326,1326.jpg,1
1327,1327.jpg,1
1328,1328.jpg,1
1329,1329.jpg,1
1330,1330.jpg,1
1331,1331.jpg,1
1332,1332.jpg,0
1333,1333.jpg,1
1334,1334.jpg,1
1335,1335.jpg,1
1336,1336.jpg,1
1337,1337.jpg,0
1338,1338.jpg,1
1339,1339.jpg,0
1340,1340.jpg,1
1341,1341.jpg,1
1342,1342.jpg,0
1343,1343.jpg,1
1344,1344.jpg,0
1345,1345.jpg,1
1346,1346.jpg,1
1347,1347.jpg,1
1348,1348.jpg,1
1349,1349.jpg,1
1350,1350.jpg,1
1351,1351.jpg,1
1352,1352.jpg,0
1353,1353.jpg,1
1354,1354.jpg,1
1355,1355.jpg,1
1356,1356.jpg,1
1357,1357.jpg,0
1358,1358.jpg,1
1359,1359.jpg,1
1360,1360.jpg,1
1361,1361.jpg,1
1362,1362.jpg,1
1363,1363.jpg,1
1364,1364.jpg,1
1365,1365.jpg,1
1366,1366.jpg,0
1367,1367.jpg,1
1368,1368.jpg,1
1369,1369.jpg,1
1370,1370.jpg,1
1371,1371.jpg,0
1372,1372.jpg,1
1373,1373.jpg,1
1374,1374.jpg,1
1375,1375.jpg,0
1376,1376.jpg,1
1377,1377.jpg,1
1378,1378.jpg,1
1379,1379.jpg,0
1380,1380.jpg,0
1381,1381.jpg,1
1382,1382.jpg,1
1383,1383.jpg,0
1384,1384.jpg,1
1385,1385.jpg,1
1386,1386.jpg,1
1387,1387.jpg,0
1388,1388.jpg,1
1389,1389.jpg,1
1390,1390.jpg,1
1391,1391.jpg,1
1392,1392.jpg,1
1393,1393.jpg,1
1394,1394.jpg,0
1395,1395.jpg,1
1396,1396.jpg,1
1397,1397.jpg,1
1398,1398.jpg,1
1399,1399.jpg,0
1400,1400.jpg,1
1401,1401.jpg,0
1402,1402.jpg,0
1403,1403.jpg,1
1404,1404.jpg,1
1405,1405.jpg,0
1406,1406.jpg,1
1407,1407.jpg,0
1408,1408.jpg,0
1409,1409.jpg,1
1410,1410.jpg,1
1411,1411.jpg,1
1412,1412.jpg,1
1413,1413.jpg,1
1414,1414.jpg,1
1415,1415.jpg,1
1416,1416.jpg,1
1417,1417.jpg,1
1418,1418.jpg,1
1419,1419.jpg,1
1420,1420.jpg,1
1421,1421.jpg,1
1422,1422.jpg,1
1423,1423.jpg,1
1424,1424.jpg,1
1425,1425.jpg,1
1426,1426.jpg,1
1427,1427.jpg,1
1428,1428.jpg,1
1429,1429.jpg,1
1430,1430.jpg,1
1431,1431.jpg,1
1432,1432.jpg,1
1433,1433.jpg,0
1434,1434.jpg,1
1435,1435.jpg,0
1436,1436.jpg,1
1437,1437.jpg,1
1438,1438.jpg,1
1439,1439.jpg,1
1440,1440.jpg,1
1441,1441.jpg,1
1442,1442.jpg,1
1443,1443.jpg,1
1444,1444.jpg,1
1445,1445.jpg,1
1446,1446.jpg,0
1447,1447.jpg,1
1448,1448.jpg,1
1449,1449.jpg,1
1450,1450.jpg,1
1451,1451.jpg,1
1452,1452.jpg,1
1453,1453.jpg,0
1454,1454.jpg,1
1455,1455.jpg,0
1456,1456.jpg,0
1457,1457.jpg,1
1458,1458.jpg,1
1459,1459.jpg,1
1460,1460.jpg,1
1461,1461.jpg,1
1462,1462.jpg,1
1463,1463.jpg,1
1464,1464.jpg,1
1465,1465.jpg,1
1466,1466.jpg,0
1467,1467.jpg,1
1468,1468.jpg,1
1469,1469.jpg,1
1470,1470.jpg,0
1471,1471.jpg,1
1472,1472.jpg,0
1473,1473.jpg,1
1474,1474.jpg,1
1475,1475.jpg,1
1476,1476.jpg,0
1477,1477.jpg,0
1478,1478.jpg,1
1479,1479.jpg,1
1480,1480.jpg,1
1481,1481.jpg,1
1482,1482.jpg,1
1483,1483.jpg,0
1484,1484.jpg,1
1485,1485.jpg,1
1486,1486.jpg,1
1487,1487.jpg,1
1488,1488.jpg,1
1489,1489.jpg,1
1490,1490.jpg,1
1491,1491.jpg,1
1492,1492.jpg,1
1493,1493.jpg,1
1494,1494.jpg,1
1495,1495.jpg,1
1496,1496.jpg,0
1497,1497.jpg,1
1498,1498.jpg,0
1499,1499.jpg,1
1500,1500.jpg,1
1501,1501.jpg,1
1502,1502.jpg,0
1503,1503.jpg,1
1504,1504.jpg,1
1505,1505.jpg,1
1506,1506.jpg,1
1507,1507.jpg,1
1508,1508.jpg,1
1509,1509.jpg,1
1510,1510.jpg,1
1511,1511.jpg,0
1512,1512.jpg,0
1513,1513.jpg,1
1514,1514.jpg,1
1515,1515.jpg,1
1516,1516.jpg,1
1517,1517.jpg,1
1518,1518.jpg,1
1519,1519.jpg,1
1520,1520.jpg,1
1521,1521.jpg,1
1522,1522.jpg,0
1523,1523.jpg,1
1524,1524.jpg,1
1525,1525.jpg,0
1526,1526.jpg,1
1527,1527.jpg,1
1528,1528.jpg,1
1529,1529.jpg,1
1530,1530.jpg,1
1531,1531.jpg,1
1532,1532.jpg,1
1533,1533.jpg,1
1534,1534.jpg,1
1535,1535.jpg,0
1536,1536.jpg,1
1537,1537.jpg,1
1538,1538.jpg,1
1539,1539.jpg,1
1540,1540.jpg,1
1541,1541.jpg,1
1542,1542.jpg,1
1543,1543.jpg,0
1544,1544.jpg,1
1545,1545.jpg,0
1546,1546.jpg,0
1547,1547.jpg,1
1548,1548.jpg,1
1549,1549.jpg,1
1550,1550.jpg,1
1551,1551.jpg,1
1552,1552.jpg,1
1553,1553.jpg,1
1554,1554.jpg,1
1555,1555.jpg,1
1556,1556.jpg,1
1557,1557.jpg,0
1558,1558.jpg,1
1559,1559.jpg,1
1560,1560.jpg,1
1561,1561.jpg,1
1562,1562.jpg,1
1563,1563.jpg,1
1564,1564.jpg,1
1565,1565.jpg,1
1566,1566.jpg,1
1567,1567.jpg,0
1568,1568.jpg,1
1569,1569.jpg,1
1570,1570.jpg,0
1571,1571.jpg,1
1572,1572.jpg,1
1573,1573.jpg,1
1574,1574.jpg,1
1575,1575.jpg,1
1576,1576.jpg,1
1577,1577.jpg,1
1578,1578.jpg,1
1579,1579.jpg,1
1580,1580.jpg,1
1581,1581.jpg,1
1582,1582.jpg,1
1583,1583.jpg,1
1584,1584.jpg,1
1585,1585.jpg,0
1586,1586.jpg,1
1587,1587.jpg,1
1588,1588.jpg,1
1589,1589.jpg,1
1590,1590.jpg,1
1591,1591.jpg,1
1592,1592.jpg,1
1593,1593.jpg,0
1594,1594.jpg,0
1595,1595.jpg,1
1596,1596.jpg,1
1597,1597.jpg,1
1598,1598.jpg,1
1599,1599.jpg,1
1600,1600.jpg,1
1601,1601.jpg,1
1602,1602.jpg,1
1603,1603.jpg,0
1604,1604.jpg,1
1605,1605.jpg,1
1606,1606.jpg,1
1607,1607.jpg,0
1608,1608.jpg,1
1609,1609.jpg,1
1610,1610.jpg,1
1611,1611.jpg,1
1612,1612.jpg,0
1613,1613.jpg,1
1614,1614.jpg,0
1615,1615.jpg,1
1616,1616.jpg,0
1617,1617.jpg,1
1618,1618.jpg,0
1619,1619.jpg,1
1620,1620.jpg,0
1621,1621.jpg,1
1622,1622.jpg,1
1623,1623.jpg,0
1624,1624.jpg,1
1625,1625.jpg,1
1626,1626.jpg,1
1627,1627.jpg,1
1628,1628.jpg,1
1629,1629.jpg,1
1630,1630.jpg,1
1631,1631.jpg,1
1632,1632.jpg,0
1633,1633.jpg,1
1634,1634.jpg,0
1635,1635.jpg,1
1636,1636.jpg,0
1637,1637.jpg,1
1638,1638.jpg,0
1639,1639.jpg,1
1640,1640.jpg,1
1641,1641.jpg,1
1642,1642.jpg,1
1643,1643.jpg,1
1644,1644.jpg,1
1645,1645.jpg,1
1646,1646.jpg,1
1647,1647.jpg,1
1648,1648.jpg,1
1649,1649.jpg,1
1650,1650.jpg,0
1651,1651.jpg,1
1652,1652.jpg,1
1653,1653.jpg,1
1654,1654.jpg,1
1655,1655.jpg,1
1656,1656.jpg,1
1657,1657.jpg,1
1658,1658.jpg,1
1659,1659.jpg,1
1660,1660.jpg,0
1661,1661.jpg,1
1662,1662.jpg,0
1663,1663.jpg,0
1664,1664.jpg,1
1665,1665.jpg,1
1666,1666.jpg,1
1667,1667.jpg,1
1668,1668.jpg,1
1669,1669.jpg,1
1670,1670.jpg,1
1671,1671.jpg,1
1672,1672.jpg,1
1673,1673.jpg,1
1674,1674.jpg,1
1675,1675.jpg,1
1676,1676.jpg,0
1677,1677.jpg,1
1678,1678.jpg,1
1679,1679.jpg,1
1680,1680.jpg,1
1681,1681.jpg,1
1682,1682.jpg,1
1683,1683.jpg,0
1684,1684.jpg,0
1685,1685.jpg,1
1686,1686.jpg,1
1687,1687.jpg,1
1688,1688.jpg,1
1689,1689.jpg,0
1690,1690.jpg,1
1691,1691.jpg,1
1692,1692.jpg,1
1693,1693.jpg,1
1694,1694.jpg,1
1695,1695.jpg,1
1696,1696.jpg,1
1697,1697.jpg,1
1698,1698.jpg,1
1699,1699.jpg,1
1700,1700.jpg,0
1701,1701.jpg,0
1702,1702.jpg,1
1703,1703.jpg,1
1704,1704.jpg,0
1705,1705.jpg,1
1706,1706.jpg,1
1707,1707.jpg,1
1708,1708.jpg,1
1709,1709.jpg,1
1710,1710.jpg,1
1711,1711.jpg,1
1712,1712.jpg,1
1713,1713.jpg,0
1714,1714.jpg,1
1715,1715.jpg,0
1716,1716.jpg,1
1717,1717.jpg,0
1718,1718.jpg,1
1719,1719.jpg,1
1720,1720.jpg,1
1721,1721.jpg,1
1722,1722.jpg,0
1723,1723.jpg,1
1724,1724.jpg,1
1725,1725.jpg,1
1726,1726.jpg,1
1727,1727.jpg,0
1728,1728.jpg,1
1729,1729.jpg,1
1730,1730.jpg,1
1731,1731.jpg,0
1732,1732.jpg,1
1733,1733.jpg,1
1734,1734.jpg,0
1735,1735.jpg,1
1736,1736.jpg,0
1737,1737.jpg,1
1738,1738.jpg,1
1739,1739.jpg,1
1740,1740.jpg,0
1741,1741.jpg,0
1742,1742.jpg,0
1743,1743.jpg,1
1744,1744.jpg,1
1745,1745.jpg,0
1746,1746.jpg,1
1747,1747.jpg,1
1748,1748.jpg,0
1749,1749.jpg,1
1750,1750.jpg,1
1751,1751.jpg,1
1752,1752.jpg,1
1753,1753.jpg,0
1754,1754.jpg,1
1755,1755.jpg,1
1756,1756.jpg,1
1757,1757.jpg,1
1758,1758.jpg,0
1759,1759.jpg,1
1760,1760.jpg,1
1761,1761.jpg,1
1762,1762.jpg,1
1763,1763.jpg,1
1764,1764.jpg,1
1765,1765.jpg,1
1766,1766.jpg,1
1767,1767.jpg,1
1768,1768.jpg,1
1769,1769.jpg,1
1770,1770.jpg,1
1771,1771.jpg,0
1772,1772.jpg,1
1773,1773.jpg,1
1774,1774.jpg,1
1775,1775.jpg,1
1776,1776.jpg,1
1777,1777.jpg,1
1778,1778.jpg,1
1779,1779.jpg,1
1780,1780.jpg,1
1781,1781.jpg,1
1782,1782.jpg,1
1783,1783.jpg,1
1784,1784.jpg,0
1785,1785.jpg,1
1786,1786.jpg,1
1787,1787.jpg,1
1788,1788.jpg,0
1789,1789.jpg,0
1790,1790.jpg,1
1791,1791.jpg,1
1792,1792.jpg,1
1793,1793.jpg,1
1794,1794.jpg,1
1795,1795.jpg,1
1796,1796.jpg,1
1797,1797.jpg,1
1798,1798.jpg,0
1799,1799.jpg,1
1800,1800.jpg,1
1801,1801.jpg,1
1802,1802.jpg,1
1803,1803.jpg,0
1804,1804.jpg,1
1805,1805.jpg,1
1806,1806.jpg,1
1807,1807.jpg,1
